ADDRESS,CITY,STATE,ZIP,LAST SOLD PRICE,BEDS,BATHS,SQFT,LOT SIZE,YEAR BUILT,DAYS ON MARKET,LATITUDE,LONGITUDE
3214 Tenafly Rd,Tenafly,NJ,7670,,0,,857,,2009,,,
3216 Tenafly Rd,Tenafly,NJ,7670,,0,,857,,2009,,,
10 Lindley Ave,Tenafly,NJ,7670,,0,,1673,8999,1929,,40.915855,-73.9679846
154 Sussex Rd,Tenafly,NJ,7670,,0,,1560,5001,1923,,40.919838,-73.976657
440 Tenafly Rd,Tenafly,NJ,7670,,0,,1116,3001,1918,,40.9281848,-73.9662259
27 W Clinton Ave Apt 3G,Tenafly,NJ,7670,,0,,918,,1983,,40.9243437,-73.9670919
97 Kent Rd,Tenafly,NJ,7670,,0,,3818,40511,1956,,40.9089219,-73.947047
35 Chestnut St,Tenafly,NJ,7670,295000,2,1,,3101,,47,40.928019,-73.966363
103 Palmer Ave,Tenafly,NJ,7670,,0,,2472,11038,1951,,40.91695,-73.9753
55 Newcomb Rd,Tenafly,NJ,7670,,0,,1120,8999,1960,,40.9327177,-73.9677765
2 Inness Rd,Tenafly,NJ,7670,,0,,960,6599,1943,,40.9157695,-73.9661149
364 W Clinton Ave,Tenafly,NJ,7670,,0,,1080,7857,1948,,40.92428,-73.981925
3209 Tenafly Ct,Tenafly,NJ,7670,,0,,907,,2009,,,
15 Wight Pl,Tenafly,NJ,7670,,0,,1342,7301,1923,,40.9285,-73.975621
16 Cortlandt Pl,Tenafly,NJ,7670,,0,,1626,6600,1961,,40.931163,-73.968051
39 Westervelt Ave,Tenafly,NJ,7670,360000,2,2,,,,80,40.9197503,-73.9650539
26 Grove St,Tenafly,NJ,7670,,0,,1250,5001,1923,,40.927784,-73.965093
179 Riveredge Rd,Tenafly,NJ,7670,365000,3,1,,8006,,414,40.92787,-73.974405
294 Tenafly Rd,Tenafly,NJ,7670,,0,,1750,15247,1911,,40.922717,-73.968092
139 Tenafly Rd,Tenafly,NJ,7670,,0,,1413,6499,1948,,40.917635,-73.970924
339 W Clinton Ave,Tenafly,NJ,7670,385000,3,2,,6299,,288,40.924534,-73.981633
36 Coleman Ter,Tenafly,NJ,7670,390500,2,1.5,,7000,,191,40.917189,-73.972879
8 Cambridge Rd,Tenafly,NJ,7670,400000,5,2,,5998,,69,40.932097,-73.979978
94 Westervelt Ave,Tenafly,NJ,7670,,0,,1246,9292,1948,,40.921307,-73.969708
163 Riveredge Rd,Tenafly,NJ,7670,,0,,1789,8947,1966,,40.927923,-73.973301
91 Columbus Dr,Tenafly,NJ,7670,401000,3,1,,5000,,430,40.931637,-73.970518
252 Jefferson Ave,Tenafly,NJ,7670,,0,,1129,8250,1945,,40.9345,-73.970149
12 Moller St,Tenafly,NJ,7670,,0,,1424,4800,1923,,40.919937,-73.968632
228 County Rd,Tenafly,NJ,7670,,0,,1835,7701,1924,,40.931706,-73.959545
231 Jefferson Ave,Tenafly,NJ,7670,,0,,1414,7579,1944,,40.933828,-73.971082
40 Dean Dr,Tenafly,NJ,7670,430000,4,2,,15873,,345,40.915182,-73.9659999
1 Daisy Pl,Tenafly,NJ,7670,437000,3,2,,5001,,142,40.929515,-73.973392
38 Day Ave,Tenafly,NJ,7670,,0,,1433,5001,1954,,40.933487,-73.978059
553 Knickerbocker Rd,Tenafly,NJ,7670,450000,2,2,,8799,,121,40.931677,-73.9778089
24 Dean Dr,Tenafly,NJ,7670,450000,3,1,,8908,,38,40.914056,-73.966602
12 Henry St,Tenafly,NJ,7670,,0,,1456,5249,1937,,40.921828,-73.981711
29 Jewett Ave,Tenafly,NJ,7670,480000,3,1.5,,8002,,321,40.9259356,-73.9815731
19 Mountain Rd,Tenafly,NJ,7670,,0,,4555,19998,1999,,40.920975,-73.954282
146 Newcomb Rd,Tenafly,NJ,7670,485000,3,2.5,,7000,,13,40.931935,-73.974844
388 Knickerbocker Rd,Tenafly,NJ,7670,490000,3,1.5,,12898,,316,40.925781,-73.977412
10 Surrey Ln,Tenafly,NJ,7670,495000,3,2,,6499,,70,40.9245594,-73.9717275
252 W Clinton Ave,Tenafly,NJ,7670,500000,3,1.5,,8999,,198,40.924307,-73.976972
139 Hickory Ave,Tenafly,NJ,7670,500000,3,2,,5750,,242,40.933508,-73.968968
,Tenafly,NJ,7670,505000,4,2.5,,8341,,251,,
39 Hamilton Pl,Tenafly,NJ,7670,,0,,1840,10000,1942,,40.916952,-73.9728
6 Standish Ct,Tenafly,NJ,7670,512500,4,2,,8398,,224,40.9128533,-73.9761805
101 Sunset Ln,Tenafly,NJ,7670,514000,4,2.5,,5149,,414,40.9305889,-73.9714966
120 Gordon Ave,Tenafly,NJ,7670,,0,,1426,5750,1951,,40.933698,-73.97214
23 Buff Rd,Tenafly,NJ,7670,515000,4,1.5,,10898,,420,40.9298209,-73.97883
584 Knickerbocker Rd,Tenafly,NJ,7670,519000,3,3,,9225,,444,40.932746,-73.977103
114 Sunset Ln,Tenafly,NJ,7670,523000,3,2,,5401,,364,40.9301813,-73.9724021
27 Jewett Ave,Tenafly,NJ,7670,,0,,1277,803200,1933,,40.925814,-73.981779
308 Knickerbocker Rd,Tenafly,NJ,7670,525000,4,2.5,,9544,,104,40.922966,-73.9776739
56 N Lyle Ave,Tenafly,NJ,7670,,0,,1747,9500,1918,,40.9263185,-73.9791071
28 Evergreen Pl,Tenafly,NJ,7670,530000,4,2.5,,9226,,17,40.913406,-73.968876
153 Sunset Ln,Tenafly,NJ,7670,,0,,1572,7000,1950,,40.930516,-73.9763849
148 W Clinton Ave,Tenafly,NJ,7670,,0,,1668,6752,1936,,40.9245189,-73.972488
16 Henry St,Tenafly,NJ,7670,535000,3,2,,7244,,210,40.921661,-73.981692
6 Elm St,Tenafly,NJ,7670,,0,,1738,5101,1940,,40.913491,-73.966599
184 Hickory Ave,Tenafly,NJ,7670,,0,,1407,5942,1923,,40.932948,-73.971363
97 George St,Tenafly,NJ,7670,,0,,1600,9051,1948,,40.918608,-73.968996
39 Franklin St,Tenafly,NJ,7670,,0,,1568,6451,1963,,40.921209,-73.9666729
550 Knickerbocker Rd,Tenafly,NJ,7670,,0,,1484,7902,1947,,40.931713,-73.977095
36 Foster Rd,Tenafly,NJ,7670,537500,3,1.5,,,,29,40.926193,-73.970588
4 Edward Ct,Tenafly,NJ,7670,543000,3,2.5,,6700,,205,40.924555,-73.957838
33 Esmond Pl,Tenafly,NJ,7670,545000,3,2,,,,373,40.9299869,-73.9746119
180 W Clinton Ave,Tenafly,NJ,7670,545000,4,2,,6752,,97,40.924449,-73.973927
22 Wight Pl,Tenafly,NJ,7670,550000,4,2.5,,12741,,300,40.9290586,-73.97505
109 Magnolia Ave,Tenafly,NJ,7670,550000,3,1.5,,10672,,437,40.928953,-73.960425
144 E Clinton Ave,Tenafly,NJ,7670,,0,,2328,11731,1953,,40.919208,-73.957551
26 Leonard Ave,Tenafly,NJ,7670,550000,3,2,,6777,,398,40.915484,-73.970078
3112 Tenafly Ct,Tenafly,NJ,7670,,0,,1280,,2009,,,
40 Christie St,Tenafly,NJ,7670,552500,3,1.5,,7000,,329,40.929133,-73.973117
36 S Lyle Ave,Tenafly,NJ,7670,555000,4,3,,8002,,269,40.9232469,-73.9788178
54 Oak St,Tenafly,NJ,7670,,0,,1526,4961,1913,,40.913184,-73.964148
40 Columbus Dr,Tenafly,NJ,7670,559000,3,2,,7349,,101,40.931283,-73.967612
15 Daisy Pl,Tenafly,NJ,7670,,0,,1620,5001,1930,,40.9299172,-73.9733346
44 Buff Rd,Tenafly,NJ,7670,,0,,1463,9601,1953,,40.929158,-73.979708
49 Elm St,Tenafly,NJ,7670,,0,,1624,7440,1953,,40.9129059,-73.9644384
30 Elm St,Tenafly,NJ,7670,570000,5,2.5,,5100,,444,40.912988,-73.9657
28 Westervelt Ave,Tenafly,NJ,7670,,0,,2282,11266,1956,,40.918375,-73.963954
76 Columbus Dr,Tenafly,NJ,7670,,0,,1222,9557,1943,,40.931204,-73.969459
128 Columbus Dr,Tenafly,NJ,7670,570000,3,2,,7000,,147,40.931021,-73.9740489
228 E Clinton Ave,Tenafly,NJ,7670,,0,,1398,24999,1953,,40.9152,-73.953251
,Tenafly,NJ,7670,575000,3,3,,,,267,,
176 Newcomb Rd,Tenafly,NJ,7670,,0,,1802,8799,1943,,40.9318982,-73.9777911
59 Sunset Ln,Tenafly,NJ,7670,,0,,1768,7401,1960,,40.930813,-73.969209
23 Sunset Ter,Tenafly,NJ,7670,590000,4,2,,6120,,93,40.930603,-73.979169
32 Benjamin Rd,Tenafly,NJ,7670,,0,,1811,12000,1949,,40.917482,-73.973292
161 Newcomb Rd,Tenafly,NJ,7670,598000,3,2,,8999,,188,40.9323336,-73.976121
152 Magnolia Ave,Tenafly,NJ,7670,600000,3,2,,8751,,36,40.931447,-73.958202
135 Hudson Ave,Tenafly,NJ,7670,,0,,1818,12001,1940,,40.93136,-73.955677
151 Sunset Ln,Tenafly,NJ,7670,,0,,1648,7000,1938,,40.930523,-73.976208
5 Lylewood Dr,Tenafly,NJ,7670,,0,,1570,9375,1951,,40.927069,-73.971769
16 Oak Ave,Tenafly,NJ,7670,,0,,1720,5000,1933,,40.9141058,-73.9736296
34 Mellon Ln,Tenafly,NJ,7670,603000,4,2,,9374,,401,40.926358,-73.974152
3308 Tenafly Ct,Tenafly,NJ,7670,,0,,1692,,2009,,,
82 Hazelton Ter,Tenafly,NJ,7670,,0,,2019,10350,1903,,40.9339129,-73.973497
10 Mellon Ln,Tenafly,NJ,7670,,0,,1475,9374,1950,,40.927154,-73.9741
293 Riveredge Rd,Tenafly,NJ,7670,614000,3,2,,12349,,1,40.927786,-73.981726
8 Cameron Rd,Tenafly,NJ,7670,,0,,1729,5998,1944,,40.924475,-73.969492
104 Columbus Dr,Tenafly,NJ,7670,615000,4,3,,3798,,100,40.931178,-73.9718259
326 Knickerbocker Rd,Tenafly,NJ,7670,615000,4,3,,9901,,416,40.923581,-73.9776119
75 N Browning Ave,Tenafly,NJ,7670,,0,,1392,8499,1948,,40.927119,-73.980681
58 Burlington Rd,Tenafly,NJ,7670,,0,,2150,8176,1923,,40.9205527,-73.9768486
37 Surrey Ln,Tenafly,NJ,7670,,0,,2308,7501,1936,,40.92416,-73.972512
52 Day Ave,Tenafly,NJ,7670,620000,4,3,,10001,,380,40.933435,-73.979324
91 Christie St,Tenafly,NJ,7670,621000,3,2,,8698,,339,40.929486,-73.975976
32 Sussex Rd,Tenafly,NJ,7670,,0,,2540,9300,1928,,40.920141,-73.970917
258 E Clinton Ave,Tenafly,NJ,7670,625000,3,3,,26571,,413,40.914193,-73.951703
4 Marconi St,Tenafly,NJ,7670,635000,4,3,,11552,,6,40.930548,-73.980531
46 Richard St,Tenafly,NJ,7670,635000,4,3,,10624,,108,40.928011,-73.979846
75 Serpentine Rd,Tenafly,NJ,7670,640000,3,1.5,,6272,,430,40.913355,-73.965346
245 Hickory Ave,Tenafly,NJ,7670,640000,3,2,,14175,,399,40.933162,-73.977052
55 Tenafly Rd,Tenafly,NJ,7670,645000,4,1.5,,8960,,248,40.914901,-73.9719439
1 Colonial Rd,Tenafly,NJ,7670,,0,,1801,7500,1943,,40.93263,-73.979589
159 Sussex Rd,Tenafly,NJ,7670,650000,4,3.5,,8176,,444,40.920242,-73.977115
16 Marcotte Ln,Tenafly,NJ,7670,,0,,1798,12000,1911,,40.918711,-73.981119
43 Woodmere Ln,Tenafly,NJ,7670,,0,,1789,19467,1950,,40.9259289,-73.973387
3303 Tenafly Ct,Tenafly,NJ,7670,,0,,1995,,2009,,,
88 Newcomb Rd,Tenafly,NJ,7670,,0,,1530,8999,1960,,40.932187,-73.969633
44 Floral Ter,Tenafly,NJ,7670,665900,3,2.5,,13051,,219,40.922747,-73.980076
8 Cobblestone Way,Tenafly,NJ,7670,,0,,1696,,2008,,40.9313892,-73.9633917
14 Wight Pl,Tenafly,NJ,7670,670000,3,2.5,,7048,,353,40.9284,-73.974912
20 Ravine Rd,Tenafly,NJ,7670,,0,,2233,9239,1911,,40.9232299,-73.959754
112 Westervelt Ave,Tenafly,NJ,7670,,0,,2061,18199,1911,,40.921047,-73.9713699
12 N Summit St,Tenafly,NJ,7670,675000,3,2,,11251,,437,40.932742,-73.956166
121 Newcomb Rd,Tenafly,NJ,7670,680000,3,2,,7680,,48,40.932548,-73.972413
103 Hillside Ave,Tenafly,NJ,7670,,0,,2018,9300,1928,,40.922376,-73.9593529
56 Woodmere Ln,Tenafly,NJ,7670,,0,,1766,10250,1951,,40.925327,-73.9741279
29 Sussex Rd,Tenafly,NJ,7670,690000,3,3,,5000,,370,40.920554,-73.970935
2 Coppel Dr,Tenafly,NJ,7670,,0,,2029,10920,1949,,40.916534,-73.9610809
2 Coppell Dr,Tenafly,NJ,,690000,4,3,,10920,,1,,
123 Sunset Ln,Tenafly,NJ,7670,,0,,2388,7000,1931,,40.930628,-73.973474
41 Burlington Rd,Tenafly,NJ,7670,695000,4,3.5,,7575,,430,40.9210174,-73.9762047
273 Engle St,Tenafly,NJ,7670,698000,3,2.5,,9840,,281,40.926111,-73.958433
8 Somerset Rd,Tenafly,NJ,7670,698000,3,2,,6199,,240,40.923806,-73.96952
147 Magnolia Ave,Tenafly,NJ,7670,,0,,2140,11550,1923,,40.931471,-73.959097
1 N Summit St,Tenafly,NJ,7670,700000,3,3.5,,11591,,38,40.932651,-73.954862
296 County Rd,Tenafly,NJ,7670,,0,,1488,11334,1903,,40.933621,-73.95734
575 Knickerbocker Rd,Tenafly,NJ,7670,,0,,2157,8250,1943,,40.932481,-73.977761
7 Standish Ct,Tenafly,NJ,7670,,0,,1526,8925,1953,,40.912846,-73.976652
16 Norman Pl,Tenafly,NJ,7670,705000,4,2,,19001,,92,40.922471,-73.970359
89 E Clinton Ave,Tenafly,NJ,7670,,0,,2926,10000,1911,,40.921655,-73.960505
131 Hudson Ave,Tenafly,NJ,7670,,0,,1251,22499,1938,,40.931589,-73.955812
139 Stonehurst Dr,Tenafly,NJ,7670,,0,,2748,21301,1955,,40.916464,-73.954257
42 Oak Ave,Tenafly,NJ,7670,,0,,1864,8024,1939,,40.913846,-73.976052
96 Buff Rd,Tenafly,NJ,7670,,0,,1623,11680,1953,,40.929045,-73.982045
25 S Park Dr,Tenafly,NJ,7670,,0,,1893,14401,1954,,40.913823,-73.960481
71 Ivy Ln,Tenafly,NJ,7670,,0,,2560,11025,1946,,40.9126608,-73.9792432
39 Elm St,Tenafly,NJ,7670,720000,3,3,,6198,,345,40.913109,-73.964753
141 Westervelt Ave,Tenafly,NJ,7670,,0,,1695,7449,1933,,40.92175,-73.973917
256 Engle St,Tenafly,NJ,7670,728000,3,2,,30952,,276,40.92561,-73.957617
63 Newcomb Rd,Tenafly,NJ,7670,,0,,1550,12001,1943,,40.932726,-73.968165
135 Magnolia Ave,Tenafly,NJ,7670,729000,3,2.5,,,,444,40.93069,-73.959611
47 Newcomb Rd,Tenafly,NJ,7670,,0,,1708,8999,1959,,40.932714,-73.9675396
8 Westervelt Ave,Tenafly,NJ,7670,,0,,2776,20928,1903,,40.917333,-73.96242
269 Engle St,Tenafly,NJ,7670,,0,,1344,10001,1937,,40.925891,-73.958511
17 Depeyster Ave,Tenafly,NJ,7670,,0,,2396,11100,1933,,40.9205169,-73.956718
12 Cameron Rd,Tenafly,NJ,7670,744000,4,2.5,,,,436,40.9243014,-73.9695232
83 Columbus Dr,Tenafly,NJ,7670,,0,,2186,876250,1968,,40.9316809,-73.9699088
14 Louise Ln,Tenafly,NJ,7670,,0,,2254,9374,1949,,40.91903,-73.971762
26 Clover St,Tenafly,NJ,7670,749000,3,2.5,,9130,,112,40.914022,-73.969636
117 Serpentine Rd,Tenafly,NJ,7670,,0,,1609,10920,1942,,40.9162815,-73.9642572
118 Highwood Ave,Tenafly,NJ,7670,750000,4,3,,25900,,206,40.926234,-73.95665
22 Stonehurst Dr,Tenafly,NJ,7670,,0,,2643,16052,1936,,40.918994,-73.958784
11 Depeyster Ave,Tenafly,NJ,7670,,0,,2503,11252,1923,,40.920142,-73.956936
94 Downey Dr,Tenafly,NJ,7670,750000,3,2,,,,135,40.911534,-73.959053
20 Demott St,Tenafly,NJ,7670,751000,5,3,,5001,,400,40.917534,-73.969538
39 Oak St,Tenafly,NJ,7670,,0,,1913,7000,1941,,40.913824,-73.964304
257 W Clinton Ave,Tenafly,NJ,7670,759900,4,3,,,,132,40.924848,-73.977138
2 Marcotte Ln,Tenafly,NJ,7670,,0,,3202,23250,1980,,40.919315,-73.978709
55 Hillside Ave,Tenafly,NJ,7670,,0,,3522,9951,1903,,40.923377,-73.961085
15 Standish Ct,Tenafly,NJ,7670,760000,3,2.5,,16000,,21,40.913282,-73.976925
166 Westervelt Ave,Tenafly,NJ,7670,,0,,2265,7501,1952,,40.921282,-73.976282
12 Maple St,Tenafly,NJ,7670,,0,,1899,10441,1954,,40.910818,-73.959756
97 Columbus Dr,Tenafly,NJ,7670,780000,4,3.5,,5400,,211,40.931609,-73.97131
124 W Clinton Ave,Tenafly,NJ,7670,,0,,2084,5330,1936,,40.924512,-73.9712909
229 Engle St,Tenafly,NJ,7670,,0,,1964,14113,1923,,40.923744,-73.95892
91 Howard Park Dr,Tenafly,NJ,7670,,0,,2238,10999,1948,,40.912813,-73.955389
86 Hazelton Ter,Tenafly,NJ,7670,,0,,2060,8281,1940,,40.934237,-73.973522
53 Oak Ave,Tenafly,NJ,7670,,0,,2281,9374,1938,,40.914254,-73.9767059
36 Roberts Ct,Tenafly,NJ,7670,790000,3,2,,10465,,83,40.916674,-73.9682784
59 Esmond Pl,Tenafly,NJ,7670,790000,4,3.5,,4800,,260,40.9320673,-73.9745638
33 Louise Ln,Tenafly,NJ,7670,792000,4,2.5,,9374,,413,40.918469,-73.973173
45 Oak Ave,Tenafly,NJ,7670,,0,,2054,9374,1938,,40.9143199,-73.975893
3311 Tenafly Ct,Tenafly,NJ,7670,,0,,1995,,2009,,,
18 Wight Pl,Tenafly,NJ,7670,,0,,2309,7048,1928,,40.928665,-73.974934
115 Westervelt Ave,Tenafly,NJ,7670,800000,5,3.5,,14960,,253,40.921819,-73.971481
1 Edward Ct,Tenafly,NJ,7670,800000,3,3.5,,10050,,113,40.9250649,-73.957837
204 Elm St,Tenafly,NJ,7670,,0,,2229,11173,1953,,40.90911,-73.958714
127 Sussex Rd,Tenafly,NJ,7670,800000,4,3,,8023,,153,40.920312,-73.975669
7 Harsen Rd,Tenafly,NJ,7670,801000,3,2,,9422,,202,40.916226,-73.97417
48 Jewett Ave,Tenafly,NJ,7670,805000,3,3.5,,8751,,128,40.927065,-73.981106
26 Cherry St,Tenafly,NJ,7670,,0,,2072,8925,1957,,40.9144549,-73.970444
39 Crabtree Ln,Tenafly,NJ,7670,815000,5,3.5,,20677,,433,40.915821,-73.981161
11 Huyler Ave,Tenafly,NJ,7670,825000,4,3.5,,8800,,24,40.9208663,-73.9644126
15 Norman Pl,Tenafly,NJ,7670,830000,5,2.5,,28061,,293,40.9232749,-73.970517
337 Engle St,Tenafly,NJ,7670,,0,,2852,31195,1964,,40.930414,-73.956348
25 Oak St,Tenafly,NJ,7670,835000,4,2.5,,7501,,86,40.914301,-73.965444
145 Sunset Ln,Tenafly,NJ,7670,835000,3,2.5,,10498,,34,40.9304756,-73.9756942
82 Country Club Rd,Tenafly,NJ,7670,840000,3,2.5,,9374,,212,40.915438,-73.9757435
86 Columbus Dr,Tenafly,NJ,7670,,0,,1400,7349,1953,,40.9312329,-73.9698313
66 Mackay Dr,Tenafly,NJ,7670,,0,,2864,19788,1957,,40.913485,-73.983681
7 Knoll Rd,Tenafly,NJ,7670,845000,5,2.5,,15673,,143,40.930574,-73.953926
8 Jewett Ave,Tenafly,NJ,7670,848000,5,3.5,,9627,,14,40.924777,-73.980891
,Tenafly,NJ,7670,855000,3,3,,8000,,104,,
15 Burlington Rd,Tenafly,NJ,7670,860000,3,2.5,,10001,,57,40.9210457,-73.9748556
161 Jefferson Ave,Tenafly,NJ,7670,,0,,2449,16801,1904,,40.930919,-73.971575
94 E Clinton Ave,Tenafly,NJ,7670,,0,,2143,16400,1920,,40.920704,-73.960488
114 Columbus Dr,Tenafly,NJ,7670,865000,4,3.5,,7000,,423,40.931077,-73.972774
11 Orchard Pl,Tenafly,NJ,7670,869000,3,2.5,,13500,,135,40.929491,-73.9588969
11 Cypress St,Tenafly,NJ,7670,,0,,2762,15002,1959,,40.914347,-73.955592
188 Hudson Ave,Tenafly,NJ,7670,880000,3,3,,9748,,400,40.928713,-73.952432
10 N Lyle Ave,Tenafly,NJ,7670,,0,,3289,13203,1981,,40.9248119,-73.9789023
157 Highwood Ave,Tenafly,NJ,7670,,0,,2541,18177,1908,,40.925346,-73.9534539
86 Hillside Ave,Tenafly,NJ,7670,,0,,1816,29677,1911,,40.922325,-73.960499
9 Norman Pl,Tenafly,NJ,7670,890000,4,2.5,,9100,,150,40.923206,-73.969767
48 Foster Rd,Tenafly,NJ,7670,,0,,1986,11325,1953,,40.9266099,-73.970561
72 Newcomb Rd,Tenafly,NJ,7670,900000,4,3.5,,6961,,50,40.932271,-73.968982
9 Kensington Ct,Tenafly,NJ,7670,,0,,3403,,2001,,,
44 Bliss Ave,Tenafly,NJ,7670,,0,,3024,10780,1982,,40.908521,-73.961063
,Tenafly,NJ,7670,907500,4,3.5,,23600,,422,,
88 Depeyster Ave,Tenafly,NJ,7670,,0,,2270,27000,1933,,40.9244648,-73.9539683
17 Marcotte Ln,Tenafly,NJ,7670,,0,,2812,19998,1981,,40.91989,-73.981092
169 Elm St,Tenafly,NJ,7670,920000,4,2.5,,10349,,444,40.91015,-73.959427
9 Brick Ct,Tenafly,NJ,7670,927500,5,3.5,,8075,,259,40.928854,-73.978618
40 Crabtree Ln,Tenafly,NJ,7670,945000,5,4.5,,20451,,62,40.9152142,-73.9812947
99 Gordon Ave,Tenafly,NJ,7670,,0,,2620,10349,1987,,40.934183,-73.971551
,Tenafly,NJ,7670,950000,4,3.5,,11025,,421,,
141 Windsor Rd,Tenafly,NJ,7670,950000,4,2.5,,19000,,87,40.912916,-73.978516
29 Lawrence Pkwy,Tenafly,NJ,7670,950000,4,3.5,,15624,,91,40.9208241,-73.9612979
153 E Clinton Ave,Tenafly,NJ,7670,950000,4,2.5,,19998,,35,40.91927,-73.956387
72 N Browning Ave,Tenafly,NJ,7670,,0,,2662,8477,2001,,40.9270026,-73.9803996
252 Engle St,Tenafly,NJ,7670,955550,5,4,,23936,,66,40.925358,-73.957667
324 E Clinton Ave,Tenafly,NJ,7670,,0,,2850,40946,1963,,40.913289,-73.950026
67 Woodland Park Dr,Tenafly,NJ,7670,,0,,2043,7501,1941,,40.9129953,-73.9573967
12 Morris Rd,Tenafly,NJ,7670,970000,4,4,,,,122,40.923953,-73.980898
89 Depeyster Ave,Tenafly,NJ,7670,,0,,2084,22399,1940,,40.9246534,-73.9545921
80 Highwood Ave,Tenafly,NJ,7670,985000,4,4.5,,9897,,52,40.9267169,-73.960401
188 Engle St,Tenafly,NJ,7670,,0,,2413,22298,1903,,40.920867,-73.95887
122 Stonehurst Dr,Tenafly,NJ,7670,,0,,2707,20099,1955,,40.916638,-73.955526
34 Brook Rd,Tenafly,NJ,7670,,0,,3013,17746,1955,,40.927708,-73.951227
,Tenafly,NJ,7670,990000,4,2.5,,9374,,78,,
163 Elm St,Tenafly,NJ,7670,990000,4,3,,,,140,40.91031,-73.959684
26 Surrey Ln,Tenafly,NJ,7670,999000,5,2.5,,19845,,428,40.923724,-73.971611
221 E Clinton Ave,Tenafly,NJ,7670,,0,,3352,33872,1952,,40.916389,-73.952847
192 Engle St,Tenafly,NJ,7670,999000,4,4.5,,18225,,428,40.921114,-73.958805
,Tenafly,NJ,7670,999999,5,4,,8772,,433,,
189 Highwood Ave,Tenafly,NJ,7670,,0,,3814,27552,1954,,40.923623,-73.951597
74 Sherwood Rd,Tenafly,NJ,7670,,0,,2228,10877,1941,,40.915526,-73.962299
75 Woodland Park Dr,Tenafly,NJ,7670,1050000,5,4.5,,,,71,40.912734,-73.956904
220 Hickory Ave,Tenafly,NJ,7670,1050000,5,3.5,,5998,,304,40.932782,-73.974896
80 Woodland Park Dr,Tenafly,NJ,7670,,0,,2296,17912,1941,,40.91209,-73.956962
6 Cambridge Rd,Tenafly,NJ,7670,,0,,2337,5998,1951,,40.932259,-73.97997
8 Glenwood Ct,Tenafly,NJ,7670,1078000,4,2.5,,16626,,374,40.925673,-73.9531
67 Erledon Rd,Tenafly,NJ,7670,1090000,4,3,,10120,,45,40.919415,-73.974568
26 Louise Ln,Tenafly,NJ,7670,1090000,5,4.5,,9374,,420,40.918987,-73.972582
5 Stonybrook Rd,Tenafly,NJ,7670,1093750,4,3.5,,23628,,10,40.92639,-73.947401
9 Byrne Ln,Tenafly,NJ,7670,1097750,4,4.5,,10799,,65,40.9159909,-73.9636886
33 Leonard Ave,Tenafly,NJ,7670,,0,,2938,10999,1992,,40.9158199,-73.969503
,Tenafly,NJ,7670,1100000,3,2,,20670,,416,,
10 Sussex Rd,Tenafly,NJ,7670,1100000,5,3.5,,6499,,136,40.920178,-73.970113
92 Howard Park Dr,Tenafly,NJ,7670,,0,,2082,8002,1941,,40.91247,-73.955843
4 Stanton Rd,Tenafly,NJ,7670,1115000,7,4.5,,40946,,55,40.924825,-73.945866
98 George St,Tenafly,NJ,7670,1130000,5,3.5,,6991,,37,40.918477,-73.968376
302 Tenafly Rd,Tenafly,NJ,7670,,0,,1545,9649,2001,,40.9231006,-73.9683935
193 W Clinton Ave,Tenafly,NJ,7670,1147000,5,4.5,,9374,,83,40.92496,-73.974651
20 Floral Ter,Tenafly,NJ,7670,,0,,1952,11522,1939,,40.922787,-73.97901
7 Glenwood Rd,Tenafly,NJ,7670,,0,,2574,12096,1989,,40.922782,-73.953923
69 Newcomb Rd,Tenafly,NJ,7670,,0,,1020,6000,1933,,40.932478,-73.9686757
158 Downey Dr,Tenafly,NJ,7670,,0,,3220,14248,1951,,40.909919,-73.957721
18 Birchwood Pl,Tenafly,NJ,7670,1150000,5,3.5,,17999,,160,40.9191999,-73.955113
17 Mission Way,Tenafly,NJ,7670,,0,,2207,11134,1984,,40.909329,-73.95986
62 George St,Tenafly,NJ,7670,1162000,5,4.5,,8086,,99,40.919647,-73.967838
44 Old Smith Rd,Tenafly,NJ,7670,1170000,6,3.5,,,,405,40.9200312,-73.9531303
246 Woodland St,Tenafly,NJ,7670,1176500,4,3.5,,57935,,122,40.909401,-73.948871
93 Highwood Ave,Tenafly,NJ,7670,,0,,3600,21000,1894,,40.9269559,-73.9586209
,Tenafly,NJ,7670,1200000,3,3.5,,40075,,157,,
140 Downey Dr,Tenafly,NJ,7670,1200000,6,3.5,,16078,,391,40.9103733,-73.9585382
24 Westervelt Ave,Tenafly,NJ,7670,,0,,3489,14470,1911,,40.918163,-73.963831
2 Valley Pl,Tenafly,NJ,7670,,0,,3109,5288,1953,,40.9215523,-73.9634393
93 Prospect Ter,Tenafly,NJ,7670,,0,,1043,8551,1926,,40.930804,-73.958038
320 Engle St,Tenafly,NJ,7670,1240000,4,3,,27948,,71,40.929076,-73.956154
167 Highwood Ave,Tenafly,NJ,7670,,0,,1224,8415,1903,,40.924661,-73.953164
21 Royden Rd,Tenafly,NJ,7670,1254000,5,3,,16731,,433,40.931067,-73.951312
10 Depeyster Ave,Tenafly,NJ,7670,,0,,4142,22263,1921,,40.9198949,-73.956269
121 Stonehurst Dr,Tenafly,NJ,7670,1262500,4,3.5,,20905,,136,40.917274,-73.9551989
25 Esmond Pl,Tenafly,NJ,7670,1270000,5,4.5,,8193,,73,40.929482,-73.9744424
16 Richard St,Tenafly,NJ,7670,,0,,3089,10999,2001,,40.9282818,-73.9784653
70 Country Club Rd,Tenafly,NJ,7670,,0,,1352,9374,1951,,40.9153936,-73.9763064
1 Mission Way,Tenafly,NJ,7670,1300000,5,3.5,,10735,,132,40.909089,-73.961105
61 Kent Rd,Tenafly,NJ,7670,,0,,2905,40946,1957,,40.90855,-73.948499
28 Depeyster Ave,Tenafly,NJ,7670,1300000,8,8.5,,35530,,104,40.9210767,-73.9559568
15 N Browning Ave,Tenafly,NJ,7670,1300000,5,4.5,,10001,,276,40.925029,-73.980496
78 Richard St,Tenafly,NJ,7670,1335000,4,3.5,,12501,,429,40.9280197,-73.9803281
168 E Clinton Ave,Tenafly,NJ,7670,1337750,4,3.5,,21802,,127,40.918097,-73.955921
155 Columbus Dr,Tenafly,NJ,7670,,0,,3662,14000,1991,,40.93144,-73.976534
,Tenafly,NJ,7670,1350000,5,3,,42689,,69,,
19 Walnut Dr,Tenafly,NJ,7670,1351000,5,4.5,,14000,,177,40.91527,-73.970538
80 Depeyster Ave,Tenafly,NJ,7670,1365000,5,4,,18278,,231,40.9240179,-73.954043
,Tenafly,NJ,7670,1375000,6,4.5,,38640,,51,,
18 N Lyle Ave,Tenafly,NJ,7670,1375000,5,4.5,,16701,,105,40.925072,-73.978853
69 Leonard Ave,Tenafly,NJ,7670,1388000,5,4.5,,8580,,335,40.915331,-73.9674409
200 Hudson Ave,Tenafly,NJ,7670,,0,,1812,15151,1954,,40.928424,-73.951954
500 Tenafly Rd,Tenafly,NJ,7670,,0,,3056,,2001,,40.9299627,-73.9657667
239 Devon Rd,Tenafly,NJ,7670,,0,,2502,43124,1958,,40.911291,-73.952979
274 Woodland St,Tenafly,NJ,7670,,0,,3494,50855,1958,,40.910794,-73.948953
502 Heights Ln,Tenafly,NJ,7670,,0,,2932,,2001,,,
24 Knoll Rd,Tenafly,NJ,7670,,0,,2820,13286,1958,,40.931379,-73.952449
44 Forest Rd,Tenafly,NJ,7670,,0,,3659,17799,1943,,40.921919,-73.954756
28 Marcotte Ln,Tenafly,NJ,7670,,0,,2798,27199,1951,,40.918999,-73.981491
45 Oxford Dr,Tenafly,NJ,7670,1418000,5,3,,42689,,87,40.9123639,-73.948309
21 Edgewood St,Tenafly,NJ,7670,,0,,3026,12898,1960,,40.914403,-73.956719
136 Oak St,Tenafly,NJ,7670,,0,,2817,10542,1973,,40.9112579,-73.9607
30 Downey Dr,Tenafly,NJ,7670,,0,,2223,11626,1951,,40.912861,-73.961504
29 Stonybrook Rd,Tenafly,NJ,7670,1500000,5,3.5,,26001,,174,40.927037,-73.944697
66 Essex Dr,Tenafly,NJ,7670,1512500,5,3.5,,40511,,216,40.905031,-73.9438739
80 Homestead Rd,Tenafly,NJ,7670,1515000,6,5.5,,19998,,128,40.924807,-73.948697
104 Elm St,Tenafly,NJ,7670,,0,,1507,9375,1913,,40.9111959,-73.962397
149 Magnolia Ave,Tenafly,NJ,7670,1550000,5,4.5,,11628,,112,40.931653,-73.958971
163 Newcomb Rd,Tenafly,NJ,7670,,0,,3874,12001,2001,,40.932371,-73.976421
176 Leroy St,Tenafly,NJ,7670,,0,,5068,45738,1962,,40.912913,-73.95334
11 Mountain Rd,Tenafly,NJ,7670,1574000,6,4.5,,,,181,40.921294,-73.954857
1 Stanton Rd,Tenafly,NJ,7670,,0,,3200,40946,1967,,40.925145,-73.9467729
15 Coppell Dr,Tenafly,NJ,,1585000,5,4.5,,,,1,,
15 Coppel Dr,Tenafly,NJ,7670,,0,,3385,9200,1947,,40.916065,-73.959132
6 Lancaster Rd,Tenafly,NJ,7670,1610000,5,3.5,,43995,,434,40.909593,-73.947746
40 Wood Rd,Tenafly,NJ,7670,1625000,4,3.5,,49222,,385,40.924628,-73.947793
219 Engle St,Tenafly,NJ,7670,1663000,5,4.5,,13765,,83,40.922992,-73.959023
32 Lylewood Dr,Tenafly,NJ,7670,1680000,5,3.5,,12919,,443,40.926583,-73.9729289
135 Lawrence Pkwy,Tenafly,NJ,7670,1700000,5,4.5,,38760,,258,40.918353,-73.958284
5 Woodhill Rd,Tenafly,NJ,7670,,0,,3818,52272,1941,,40.919581,-73.952777
79 Oak Ave,Tenafly,NJ,7670,1780000,5,4.5,,32000,,58,40.9139208,-73.9781899
164 Hickory Ave,Tenafly,NJ,7670,1780000,6,6.5,,13800,,6,40.932977,-73.970067
29 Kenwood Rd,Tenafly,NJ,7670,1799000,5,4.5,,11626,,69,40.9215672,-73.9577554
132 Buckingham Rd,Tenafly,NJ,7670,,0,,5918,40075,1992,,40.906182,-73.949172
73 Hastings Dr,Tenafly,NJ,7670,,0,,4782,77972,1987,,40.913763,-73.945509
86 Norman Pl,Tenafly,NJ,7670,1885000,6,5.5,,,,101,40.9225334,-73.9767705
85 Mayflower Dr,Tenafly,NJ,7670,1942000,5,4.5,,44867,,219,40.90463,-73.954462
98 Thatcher Rd,Tenafly,NJ,7670,2000000,5,4.5,,12998,,83,40.9157983,-73.9572018
60 Farview Rd,Tenafly,NJ,7670,2100000,5,3.5,,43124,,402,40.918836,-73.950107
35 Forest Rd,Tenafly,NJ,7670,,0,,1524,17480,1948,,40.922688,-73.954742
,Tenafly,NJ,7670,2300000,5,5.5,,20094,,161,,
183 Highwood Ave,Tenafly,NJ,7670,,0,,1784,26502,1951,,40.924208,-73.951725
44 Sunderland Rd,Tenafly,NJ,7670,2400000,7,5.5,,40075,,297,40.917483,-73.945055
22 Lancaster Rd,Tenafly,NJ,7670,2400000,5,5.5,,43995,,434,40.909773,-73.945314
34 Nelson Pl,Tenafly,NJ,7670,,0,,5681,40511,1998,,40.915259,-73.94851
29 Kent Rd,Tenafly,NJ,7670,2600000,5,5,,50965,,115,40.908761,-73.949907
285 Woodland St,Tenafly,NJ,7670,2625000,7,6.5,,40511,,239,40.911093,-73.947
236 Highwood Ave,Tenafly,NJ,7670,2700000,5,5.5,,46173,,394,40.92,-73.950873
179 Highwood Ave,Tenafly,NJ,7670,2700000,6,7,,25725,,244,40.92442,-73.951999
30 Homestead Rd,Tenafly,NJ,7670,2800000,6,5.5,,22198,,309,40.923657,-73.950619
147 Buckingham Rd,Tenafly,NJ,7670,2950000,6,5.5,,41382,,415,40.9066933,-73.9482193
147 Churchill Rd,Tenafly,NJ,7670,2970000,7,7.5,,41382,,49,40.90639,-73.953963
,Tenafly,NJ,7670,3000000,7,5.5,,,,433,,
14 Brook Rd,Tenafly,NJ,7670,3275000,7,8.5,,32980,,260,40.927204,-73.953113
62 Park St,Tenafly,NJ,7670,,0,,5172,65340,1903,,40.926851,-73.953612
236 Hudson Ave,Tenafly,NJ,7670,3400000,7,7.5,,37880,,343,40.9276722,-73.9502282
140 Tekening Dr,Tenafly,NJ,7670,3500000,6,8.5,,67953,,6,40.922792,-73.948044
141 Tekening Dr,Tenafly,NJ,7670,3875000,8,7.5,,40075,,49,40.921605,-73.947504
140 Deerfield Dr,Tenafly,NJ,7670,4450000,7,9.5,,42688,,365,40.920445,-73.943957
